{"seed": 1638274321, "paramRanges": {"theta": [0, 3.141592653589793], "phi": [0, 6.283185307179586], "r_pdc": [0, 1.4]}}